Name,#Parties,Year
Cartagena Protocol on Biosafety,0,1971
Cartagena Protocol on Biosafety,0,1972
Cartagena Protocol on Biosafety,0,1973
Cartagena Protocol on Biosafety,0,1974
Cartagena Protocol on Biosafety,0,1975
Cartagena Protocol on Biosafety,0,1976
Cartagena Protocol on Biosafety,0,1977
Cartagena Protocol on Biosafety,0,1978
Cartagena Protocol on Biosafety,0,1979
Cartagena Protocol on Biosafety,0,1980
Cartagena Protocol on Biosafety,0,1981
Cartagena Protocol on Biosafety,0,1982
Cartagena Protocol on Biosafety,0,1983
Cartagena Protocol on Biosafety,0,1984
Cartagena Protocol on Biosafety,0,1985
Cartagena Protocol on Biosafety,0,1986
Cartagena Protocol on Biosafety,0,1987
Cartagena Protocol on Biosafety,0,1988
Cartagena Protocol on Biosafety,0,1989
Cartagena Protocol on Biosafety,0,1990
Cartagena Protocol on Biosafety,0,1991
Cartagena Protocol on Biosafety,0,1992
Cartagena Protocol on Biosafety,0,1993
Cartagena Protocol on Biosafety,0,1994
Cartagena Protocol on Biosafety,0,1995
Cartagena Protocol on Biosafety,0,1996
Cartagena Protocol on Biosafety,0,1997
Cartagena Protocol on Biosafety,0,1998
Cartagena Protocol on Biosafety,0,1999
Cartagena Protocol on Biosafety,0,2000
Cartagena Protocol on Biosafety,0,2001
Cartagena Protocol on Biosafety,0,2002
Cartagena Protocol on Biosafety,63,2003
Cartagena Protocol on Biosafety,109,2004
Cartagena Protocol on Biosafety,125,2005
Cartagena Protocol on Biosafety,135,2006
Cartagena Protocol on Biosafety,142,2007
Cartagena Protocol on Biosafety,150,2008
Cartagena Protocol on Biosafety,158,2009
Cartagena Protocol on Biosafety,160,2010
Cartagena Protocol on Biosafety,162,2011
Cartagena Protocol on Biosafety,164,2012
Cartagena Protocol on Biosafety,166,2013
Cartagena Protocol on Biosafety,168,2014
Cartagena Protocol on Biosafety,170,2015
Convention on Biological Diversity (CBD),0,1971
Convention on Biological Diversity (CBD),0,1972
Convention on Biological Diversity (CBD),0,1973
Convention on Biological Diversity (CBD),0,1974
Convention on Biological Diversity (CBD),0,1975
Convention on Biological Diversity (CBD),0,1976
Convention on Biological Diversity (CBD),0,1977
Convention on Biological Diversity (CBD),0,1978
Convention on Biological Diversity (CBD),0,1979
Convention on Biological Diversity (CBD),0,1980
Convention on Biological Diversity (CBD),0,1981
Convention on Biological Diversity (CBD),0,1982
Convention on Biological Diversity (CBD),0,1983
Convention on Biological Diversity (CBD),0,1984
Convention on Biological Diversity (CBD),0,1985
Convention on Biological Diversity (CBD),0,1986
Convention on Biological Diversity (CBD),0,1987
Convention on Biological Diversity (CBD),0,1988
Convention on Biological Diversity (CBD),0,1989
Convention on Biological Diversity (CBD),0,1990
Convention on Biological Diversity (CBD),0,1991
Convention on Biological Diversity (CBD),6,1992
Convention on Biological Diversity (CBD),43,1993
Convention on Biological Diversity (CBD),107,1994
Convention on Biological Diversity (CBD),136,1995
Convention on Biological Diversity (CBD),164,1996
Convention on Biological Diversity (CBD),171,1997
Convention on Biological Diversity (CBD),173,1998
Convention on Biological Diversity (CBD),175,1999
Convention on Biological Diversity (CBD),179,2000
Convention on Biological Diversity (CBD),181,2001
Convention on Biological Diversity (CBD),186,2002
Convention on Biological Diversity (CBD),186,2003
Convention on Biological Diversity (CBD),187,2004
Convention on Biological Diversity (CBD),187,2005
Convention on Biological Diversity (CBD),188,2006
Convention on Biological Diversity (CBD),189,2007
Convention on Biological Diversity (CBD),190,2008
Convention on Biological Diversity (CBD),192,2009
Convention on Biological Diversity (CBD),193,2010
Convention on Biological Diversity (CBD),193,2011
Convention on Biological Diversity (CBD),193,2012
Convention on Biological Diversity (CBD),193,2013
Convention on Biological Diversity (CBD),194,2014
Convention on Biological Diversity (CBD),196,2015
Cites Convention on International Trade in Endangered Species of Wild Fauna nad Flora,0,1971
Cites Convention on International Trade in Endangered Species of Wild Fauna nad Flora,0,1972
Cites Convention on International Trade in Endangered Species of Wild Fauna nad Flora,0,1973
Cites Convention on International Trade in Endangered Species of Wild Fauna nad Flora,6,1974
Cites Convention on International Trade in Endangered Species of Wild Fauna nad Flora,21,1975
Cites Convention on International Trade in Endangered Species of Wild Fauna nad Flora,32,1976
Cites Convention on International Trade in Endangered Species of Wild Fauna nad Flora,41,1977
Cites Convention on International Trade in Endangered Species of Wild Fauna nad Flora,49,1978
Cites Convention on International Trade in Endangered Species of Wild Fauna nad Flora,57,1979
Cites Convention on International Trade in Endangered Species of Wild Fauna nad Flora,63,1980
Cites Convention on International Trade in Endangered Species of Wild Fauna nad Flora,73,1981
Cites Convention on International Trade in Endangered Species of Wild Fauna nad Flora,77,1982
Cites Convention on International Trade in Endangered Species of Wild Fauna nad Flora,82,1983
Cites Convention on International Trade in Endangered Species of Wild Fauna nad Flora,85,1984
Cites Convention on International Trade in Endangered Species of Wild Fauna nad Flora,89,1985
Cites Convention on International Trade in Endangered Species of Wild Fauna nad Flora,93,1986
Cites Convention on International Trade in Endangered Species of Wild Fauna nad Flora,94,1987
Cites Convention on International Trade in Endangered Species of Wild Fauna nad Flora,96,1988
Cites Convention on International Trade in Endangered Species of Wild Fauna nad Flora,104,1989
Cites Convention on International Trade in Endangered Species of Wild Fauna nad Flora,109,1990
Cites Convention on International Trade in Endangered Species of Wild Fauna nad Flora,112,1991
Cites Convention on International Trade in Endangered Species of Wild Fauna nad Flora,117,1992
Cites Convention on International Trade in Endangered Species of Wild Fauna nad Flora,120,1993
Cites Convention on International Trade in Endangered Species of Wild Fauna nad Flora,128,1994
Cites Convention on International Trade in Endangered Species of Wild Fauna nad Flora,130,1995
Cites Convention on International Trade in Endangered Species of Wild Fauna nad Flora,134,1996
Cites Convention on International Trade in Endangered Species of Wild Fauna nad Flora,143,1997
Cites Convention on International Trade in Endangered Species of Wild Fauna nad Flora,145,1998
Cites Convention on International Trade in Endangered Species of Wild Fauna nad Flora,147,1999
Cites Convention on International Trade in Endangered Species of Wild Fauna nad Flora,152,2000
Cites Convention on International Trade in Endangered Species of Wild Fauna nad Flora,156,2001
Cites Convention on International Trade in Endangered Species of Wild Fauna nad Flora,160,2002
Cites Convention on International Trade in Endangered Species of Wild Fauna nad Flora,164,2003
Cites Convention on International Trade in Endangered Species of Wild Fauna nad Flora,166,2004
Cites Convention on International Trade in Endangered Species of Wild Fauna nad Flora,169,2005
Cites Convention on International Trade in Endangered Species of Wild Fauna nad Flora,169,2006
Cites Convention on International Trade in Endangered Species of Wild Fauna nad Flora,172,2007
Cites Convention on International Trade in Endangered Species of Wild Fauna nad Flora,174,2008
Cites Convention on International Trade in Endangered Species of Wild Fauna nad Flora,175,2009
Cites Convention on International Trade in Endangered Species of Wild Fauna nad Flora,175,2010
Cites Convention on International Trade in Endangered Species of Wild Fauna nad Flora,175,2011
Cites Convention on International Trade in Endangered Species of Wild Fauna nad Flora,177,2012
Cites Convention on International Trade in Endangered Species of Wild Fauna nad Flora,179,2013
Cites Convention on International Trade in Endangered Species of Wild Fauna nad Flora,180,2014
Cites Convention on International Trade in Endangered Species of Wild Fauna nad Flora,181,2015
Convention on the Conservation of Migratory Species of Wild Animals,0,1971
Convention on the Conservation of Migratory Species of Wild Animals,0,1972
Convention on the Conservation of Migratory Species of Wild Animals,0,1973
Convention on the Conservation of Migratory Species of Wild Animals,0,1974
Convention on the Conservation of Migratory Species of Wild Animals,0,1975
Convention on the Conservation of Migratory Species of Wild Animals,0,1976
Convention on the Conservation of Migratory Species of Wild Animals,0,1977
Convention on the Conservation of Migratory Species of Wild Animals,0,1978
Convention on the Conservation of Migratory Species of Wild Animals,0,1979
Convention on the Conservation of Migratory Species of Wild Animals,0,1980
Convention on the Conservation of Migratory Species of Wild Animals,0,1981
Convention on the Conservation of Migratory Species of Wild Animals,0,1982
Convention on the Conservation of Migratory Species of Wild Animals,15,1983
Convention on the Conservation of Migratory Species of Wild Animals,16,1984
Convention on the Conservation of Migratory Species of Wild Animals,19,1985
Convention on the Conservation of Migratory Species of Wild Animals,21,1986
Convention on the Conservation of Migratory Species of Wild Animals,25,1987
Convention on the Conservation of Migratory Species of Wild Animals,27,1988
Convention on the Conservation of Migratory Species of Wild Animals,29,1989
Convention on the Conservation of Migratory Species of Wild Animals,35,1990
Convention on the Conservation of Migratory Species of Wild Animals,38,1991
Convention on the Conservation of Migratory Species of Wild Animals,39,1992
Convention on the Conservation of Migratory Species of Wild Animals,42,1993
Convention on the Conservation of Migratory Species of Wild Animals,44,1994
Convention on the Conservation of Migratory Species of Wild Animals,47,1995
Convention on the Conservation of Migratory Species of Wild Animals,49,1996
Convention on the Conservation of Migratory Species of Wild Animals,52,1997
Convention on the Conservation of Migratory Species of Wild Animals,55,1998
Convention on the Conservation of Migratory Species of Wild Animals,65,1999
Convention on the Conservation of Migratory Species of Wild Animals,70,2000
Convention on the Conservation of Migratory Species of Wild Animals,78,2001
Convention on the Conservation of Migratory Species of Wild Animals,80,2002
Convention on the Conservation of Migratory Species of Wild Animals,84,2003
Convention on the Conservation of Migratory Species of Wild Animals,88,2004
Convention on the Conservation of Migratory Species of Wild Animals,95,2005
Convention on the Conservation of Migratory Species of Wild Animals,100,2006
Convention on the Conservation of Migratory Species of Wild Animals,104,2007
Convention on the Conservation of Migratory Species of Wild Animals,110,2008
Convention on the Conservation of Migratory Species of Wild Animals,112,2009
Convention on the Conservation of Migratory Species of Wild Animals,114,2010
Convention on the Conservation of Migratory Species of Wild Animals,116,2011
Convention on the Conservation of Migratory Species of Wild Animals,117,2012
Convention on the Conservation of Migratory Species of Wild Animals,119,2013
Convention on the Conservation of Migratory Species of Wild Animals,120,2014
Convention on the Conservation of Migratory Species of Wild Animals,122,2015
World Heritage Convention,0,1971
World Heritage Convention,0,1972
World Heritage Convention,1,1973
World Heritage Convention,10,1974
World Heritage Convention,20,1975
World Heritage Convention,26,1976
World Heritage Convention,34,1977
World Heritage Convention,42,1978
World Heritage Convention,48,1979
World Heritage Convention,55,1980
World Heritage Convention,60,1981
World Heritage Convention,69,1982
World Heritage Convention,77,1983
World Heritage Convention,82,1984
World Heritage Convention,87,1985
World Heritage Convention,90,1986
World Heritage Convention,98,1987
World Heritage Convention,105,1988
World Heritage Convention,108,1989
World Heritage Convention,113,1990
World Heritage Convention,121,1991
World Heritage Convention,130,1992
World Heritage Convention,136,1993
World Heritage Convention,139,1994
World Heritage Convention,145,1995
World Heritage Convention,146,1996
World Heritage Convention,151,1997
World Heritage Convention,155,1998
World Heritage Convention,157,1999
World Heritage Convention,161,2000
World Heritage Convention,167,2001
World Heritage Convention,175,2002
World Heritage Convention,177,2003
World Heritage Convention,178,2004
World Heritage Convention,181,2005
World Heritage Convention,184,2006
World Heritage Convention,185,2007
World Heritage Convention,185,2008
World Heritage Convention,186,2009
World Heritage Convention,187,2010
World Heritage Convention,189,2011
World Heritage Convention,190,2012
World Heritage Convention,190,2013
World Heritage Convention,191,2014
World Heritage Convention,190,2015
Kyoto Protocol,0,1971
Kyoto Protocol,0,1972
Kyoto Protocol,0,1973
Kyoto Protocol,0,1974
Kyoto Protocol,0,1975
Kyoto Protocol,0,1976
Kyoto Protocol,0,1977
Kyoto Protocol,0,1978
Kyoto Protocol,0,1979
Kyoto Protocol,0,1980
Kyoto Protocol,0,1981
Kyoto Protocol,0,1982
Kyoto Protocol,0,1983
Kyoto Protocol,0,1984
Kyoto Protocol,0,1985
Kyoto Protocol,0,1986
Kyoto Protocol,0,1987
Kyoto Protocol,0,1988
Kyoto Protocol,0,1989
Kyoto Protocol,0,1990
Kyoto Protocol,0,1991
Kyoto Protocol,0,1992
Kyoto Protocol,0,1993
Kyoto Protocol,0,1994
Kyoto Protocol,0,1995
Kyoto Protocol,0,1996
Kyoto Protocol,0,1997
Kyoto Protocol,5,1998
Kyoto Protocol,21,1999
Kyoto Protocol,31,2000
Kyoto Protocol,46,2001
Kyoto Protocol,101,2002
Kyoto Protocol,120,2003
Kyoto Protocol,133,2004
Kyoto Protocol,157,2005
Kyoto Protocol,169,2006
Kyoto Protocol,177,2007
Kyoto Protocol,184,2008
Kyoto Protocol,190,2009
Kyoto Protocol,192,2010
Kyoto Protocol,192,2011
Kyoto Protocol,192,2012
Kyoto Protocol,193,2013
Kyoto Protocol,193,2014
Kyoto Protocol,193,2015
Vienna Convention (Ozone),0,1971
Vienna Convention (Ozone),0,1972
Vienna Convention (Ozone),0,1973
Vienna Convention (Ozone),0,1974
Vienna Convention (Ozone),0,1975
Vienna Convention (Ozone),0,1976
Vienna Convention (Ozone),0,1977
Vienna Convention (Ozone),0,1978
Vienna Convention (Ozone),0,1979
Vienna Convention (Ozone),0,1980
Vienna Convention (Ozone),0,1981
Vienna Convention (Ozone),0,1982
Vienna Convention (Ozone),0,1983
Vienna Convention (Ozone),0,1984
Vienna Convention (Ozone),0,1985
Vienna Convention (Ozone),0,1986
Vienna Convention (Ozone),0,1987
Vienna Convention (Ozone),29,1988
Vienna Convention (Ozone),52,1989
Vienna Convention (Ozone),65,1990
Vienna Convention (Ozone),74,1991
Vienna Convention (Ozone),98,1992
Vienna Convention (Ozone),130,1993
Vienna Convention (Ozone),145,1994
Vienna Convention (Ozone),150,1995
Vienna Convention (Ozone),160,1996
Vienna Convention (Ozone),162,1997
Vienna Convention (Ozone),167,1998
Vienna Convention (Ozone),171,1999
Vienna Convention (Ozone),174,2000
Vienna Convention (Ozone),182,2001
Vienna Convention (Ozone),183,2002
Vienna Convention (Ozone),185,2003
Vienna Convention (Ozone),187,2004
Vienna Convention (Ozone),188,2005
Vienna Convention (Ozone),190,2006
Vienna Convention (Ozone),190,2007
Vienna Convention (Ozone),192,2008
Vienna Convention (Ozone),195,2009
Vienna Convention (Ozone),196,2010
Vienna Convention (Ozone),196,2011
Vienna Convention (Ozone),197,2012
Vienna Convention (Ozone),197,2013
Vienna Convention (Ozone),197,2014
Vienna Convention (Ozone),197,2015
Ramsar Convention,0,1971
Ramsar Convention,0,1972
Ramsar Convention,0,1973
Ramsar Convention,0,1974
Ramsar Convention,7,1975
Ramsar Convention,13,1976
Ramsar Convention,17,1977
Ramsar Convention,20,1978
Ramsar Convention,21,1979
Ramsar Convention,24,1980
Ramsar Convention,28,1981
Ramsar Convention,30,1982
Ramsar Convention,32,1983
Ramsar Convention,34,1984
Ramsar Convention,36,1985
Ramsar Convention,39,1986
Ramsar Convention,43,1987
Ramsar Convention,48,1988
Ramsar Convention,50,1989
Ramsar Convention,58,1990
Ramsar Convention,67,1991
Ramsar Convention,75,1992
Ramsar Convention,84,1993
Ramsar Convention,87,1994
Ramsar Convention,93,1995
Ramsar Convention,96,1996
Ramsar Convention,105,1997
Ramsar Convention,114,1998
Ramsar Convention,118,1999
Ramsar Convention,123,2000
Ramsar Convention,129,2001
Ramsar Convention,133,2002
Ramsar Convention,138,2003
Ramsar Convention,141,2004
Ramsar Convention,147,2005
Ramsar Convention,154,2006
Ramsar Convention,156,2007
Ramsar Convention,158,2008
Ramsar Convention,159,2009
Ramsar Convention,160,2010
Ramsar Convention,160,2011
Ramsar Convention,163,2012
Ramsar Convention,168,2013
Ramsar Convention,168,2014
Ramsar Convention,169,2015
Rotterdam Convention,0,1971
Rotterdam Convention,0,1972
Rotterdam Convention,0,1973
Rotterdam Convention,0,1974
Rotterdam Convention,0,1975
Rotterdam Convention,0,1976
Rotterdam Convention,0,1977
Rotterdam Convention,0,1978
Rotterdam Convention,0,1979
Rotterdam Convention,0,1980
Rotterdam Convention,0,1981
Rotterdam Convention,0,1982
Rotterdam Convention,0,1983
Rotterdam Convention,0,1984
Rotterdam Convention,0,1985
Rotterdam Convention,0,1986
Rotterdam Convention,0,1987
Rotterdam Convention,0,1988
Rotterdam Convention,0,1989
Rotterdam Convention,0,1990
Rotterdam Convention,0,1991
Rotterdam Convention,0,1992
Rotterdam Convention,0,1993
Rotterdam Convention,0,1994
Rotterdam Convention,0,1995
Rotterdam Convention,0,1996
Rotterdam Convention,0,1997
Rotterdam Convention,0,1998
Rotterdam Convention,2,1999
Rotterdam Convention,12,2000
Rotterdam Convention,17,2001
Rotterdam Convention,37,2002
Rotterdam Convention,54,2003
Rotterdam Convention,80,2004
Rotterdam Convention,101,2005
Rotterdam Convention,112,2006
Rotterdam Convention,120,2007
Rotterdam Convention,127,2008
Rotterdam Convention,131,2009
Rotterdam Convention,140,2010
Rotterdam Convention,146,2011
Rotterdam Convention,150,2012
Rotterdam Convention,154,2013
Rotterdam Convention,154,2014
Rotterdam Convention,154,2015
Stockholm Convention on Persistent Organic Pollutants,0,1971
Stockholm Convention on Persistent Organic Pollutants,0,1972
Stockholm Convention on Persistent Organic Pollutants,0,1973
Stockholm Convention on Persistent Organic Pollutants,0,1974
Stockholm Convention on Persistent Organic Pollutants,0,1975
Stockholm Convention on Persistent Organic Pollutants,0,1976
Stockholm Convention on Persistent Organic Pollutants,0,1977
Stockholm Convention on Persistent Organic Pollutants,0,1978
Stockholm Convention on Persistent Organic Pollutants,0,1979
Stockholm Convention on Persistent Organic Pollutants,0,1980
Stockholm Convention on Persistent Organic Pollutants,0,1981
Stockholm Convention on Persistent Organic Pollutants,0,1982
Stockholm Convention on Persistent Organic Pollutants,0,1983
Stockholm Convention on Persistent Organic Pollutants,0,1984
Stockholm Convention on Persistent Organic Pollutants,0,1985
Stockholm Convention on Persistent Organic Pollutants,0,1986
Stockholm Convention on Persistent Organic Pollutants,0,1987
Stockholm Convention on Persistent Organic Pollutants,0,1988
Stockholm Convention on Persistent Organic Pollutants,0,1989
Stockholm Convention on Persistent Organic Pollutants,0,1990
Stockholm Convention on Persistent Organic Pollutants,0,1991
Stockholm Convention on Persistent Organic Pollutants,0,1992
Stockholm Convention on Persistent Organic Pollutants,0,1993
Stockholm Convention on Persistent Organic Pollutants,0,1994
Stockholm Convention on Persistent Organic Pollutants,0,1995
Stockholm Convention on Persistent Organic Pollutants,0,1996
Stockholm Convention on Persistent Organic Pollutants,0,1997
Stockholm Convention on Persistent Organic Pollutants,0,1998
Stockholm Convention on Persistent Organic Pollutants,0,1999
Stockholm Convention on Persistent Organic Pollutants,0,2000
Stockholm Convention on Persistent Organic Pollutants,2,2001
Stockholm Convention on Persistent Organic Pollutants,24,2002
Stockholm Convention on Persistent Organic Pollutants,42,2003
Stockholm Convention on Persistent Organic Pollutants,89,2004
Stockholm Convention on Persistent Organic Pollutants,115,2005
Stockholm Convention on Persistent Organic Pollutants,136,2006
Stockholm Convention on Persistent Organic Pollutants,152,2007
Stockholm Convention on Persistent Organic Pollutants,162,2008
Stockholm Convention on Persistent Organic Pollutants,168,2009
Stockholm Convention on Persistent Organic Pollutants,172,2010
Stockholm Convention on Persistent Organic Pollutants,172,2011
Stockholm Convention on Persistent Organic Pollutants,172,2012
Stockholm Convention on Persistent Organic Pollutants,172,2013
Stockholm Convention on Persistent Organic Pollutants,172,2014
Stockholm Convention on Persistent Organic Pollutants,172,2015
UN Convention to Combat Desertification (UNCCD),0,1971
UN Convention to Combat Desertification (UNCCD),0,1972
UN Convention to Combat Desertification (UNCCD),0,1973
UN Convention to Combat Desertification (UNCCD),0,1974
UN Convention to Combat Desertification (UNCCD),0,1975
UN Convention to Combat Desertification (UNCCD),0,1976
UN Convention to Combat Desertification (UNCCD),0,1977
UN Convention to Combat Desertification (UNCCD),0,1978
UN Convention to Combat Desertification (UNCCD),0,1979
UN Convention to Combat Desertification (UNCCD),0,1980
UN Convention to Combat Desertification (UNCCD),0,1981
UN Convention to Combat Desertification (UNCCD),0,1982
UN Convention to Combat Desertification (UNCCD),0,1983
UN Convention to Combat Desertification (UNCCD),0,1984
UN Convention to Combat Desertification (UNCCD),0,1985
UN Convention to Combat Desertification (UNCCD),0,1986
UN Convention to Combat Desertification (UNCCD),0,1987
UN Convention to Combat Desertification (UNCCD),0,1988
UN Convention to Combat Desertification (UNCCD),0,1989
UN Convention to Combat Desertification (UNCCD),0,1990
UN Convention to Combat Desertification (UNCCD),0,1991
UN Convention to Combat Desertification (UNCCD),0,1992
UN Convention to Combat Desertification (UNCCD),0,1993
UN Convention to Combat Desertification (UNCCD),0,1994
UN Convention to Combat Desertification (UNCCD),19,1995
UN Convention to Combat Desertification (UNCCD),57,1996
UN Convention to Combat Desertification (UNCCD),116,1997
UN Convention to Combat Desertification (UNCCD),145,1998
UN Convention to Combat Desertification (UNCCD),160,1999
UN Convention to Combat Desertification (UNCCD),172,2000
UN Convention to Combat Desertification (UNCCD),177,2001
UN Convention to Combat Desertification (UNCCD),186,2002
UN Convention to Combat Desertification (UNCCD),191,2003
UN Convention to Combat Desertification (UNCCD),191,2004
UN Convention to Combat Desertification (UNCCD),191,2005
UN Convention to Combat Desertification (UNCCD),191,2006
UN Convention to Combat Desertification (UNCCD),193,2007
UN Convention to Combat Desertification (UNCCD),193,2008
UN Convention to Combat Desertification (UNCCD),193,2009
UN Convention to Combat Desertification (UNCCD),193,2010
UN Convention to Combat Desertification (UNCCD),193,2011
UN Convention to Combat Desertification (UNCCD),194,2012
UN Convention to Combat Desertification (UNCCD),194,2013
UN Convention to Combat Desertification (UNCCD),195,2014
UN Convention to Combat Desertification (UNCCD),195,2015
UN Convention on the Law of the Sea (UNCLOS),0,1971
UN Convention on the Law of the Sea (UNCLOS),0,1972
UN Convention on the Law of the Sea (UNCLOS),0,1973
UN Convention on the Law of the Sea (UNCLOS),0,1974
UN Convention on the Law of the Sea (UNCLOS),0,1975
UN Convention on the Law of the Sea (UNCLOS),0,1976
UN Convention on the Law of the Sea (UNCLOS),0,1977
UN Convention on the Law of the Sea (UNCLOS),0,1978
UN Convention on the Law of the Sea (UNCLOS),0,1979
UN Convention on the Law of the Sea (UNCLOS),0,1980
UN Convention on the Law of the Sea (UNCLOS),0,1981
UN Convention on the Law of the Sea (UNCLOS),1,1982
UN Convention on the Law of the Sea (UNCLOS),9,1983
UN Convention on the Law of the Sea (UNCLOS),14,1984
UN Convention on the Law of the Sea (UNCLOS),25,1985
UN Convention on the Law of the Sea (UNCLOS),31,1986
UN Convention on the Law of the Sea (UNCLOS),34,1987
UN Convention on the Law of the Sea (UNCLOS),36,1988
UN Convention on the Law of the Sea (UNCLOS),41,1989
UN Convention on the Law of the Sea (UNCLOS),44,1990
UN Convention on the Law of the Sea (UNCLOS),50,1991
UN Convention on the Law of the Sea (UNCLOS),52,1992
UN Convention on the Law of the Sea (UNCLOS),59,1993
UN Convention on the Law of the Sea (UNCLOS),69,1994
UN Convention on the Law of the Sea (UNCLOS),82,1995
UN Convention on the Law of the Sea (UNCLOS),109,1996
UN Convention on the Law of the Sea (UNCLOS),122,1997
UN Convention on the Law of the Sea (UNCLOS),128,1998
UN Convention on the Law of the Sea (UNCLOS),130,1999
UN Convention on the Law of the Sea (UNCLOS),133,2000
UN Convention on the Law of the Sea (UNCLOS),136,2001
UN Convention on the Law of the Sea (UNCLOS),140,2002
UN Convention on the Law of the Sea (UNCLOS),144,2003
UN Convention on the Law of the Sea (UNCLOS),146,2004
UN Convention on the Law of the Sea (UNCLOS),148,2005
UN Convention on the Law of the Sea (UNCLOS),151,2006
UN Convention on the Law of the Sea (UNCLOS),154,2007
UN Convention on the Law of the Sea (UNCLOS),156,2008
UN Convention on the Law of the Sea (UNCLOS),159,2009
UN Convention on the Law of the Sea (UNCLOS),161,2010
UN Convention on the Law of the Sea (UNCLOS),162,2011
UN Convention on the Law of the Sea (UNCLOS),164,2012
UN Convention on the Law of the Sea (UNCLOS),166,2013
UN Convention on the Law of the Sea (UNCLOS),166,2014
UN Convention on the Law of the Sea (UNCLOS),167,2015
UN Framework Convention on Climate Change (UNFCCC),0,1971
UN Framework Convention on Climate Change (UNFCCC),0,1972
UN Framework Convention on Climate Change (UNFCCC),0,1973
UN Framework Convention on Climate Change (UNFCCC),0,1974
UN Framework Convention on Climate Change (UNFCCC),0,1975
UN Framework Convention on Climate Change (UNFCCC),0,1976
UN Framework Convention on Climate Change (UNFCCC),0,1977
UN Framework Convention on Climate Change (UNFCCC),0,1978
UN Framework Convention on Climate Change (UNFCCC),0,1979
UN Framework Convention on Climate Change (UNFCCC),0,1980
UN Framework Convention on Climate Change (UNFCCC),0,1981
UN Framework Convention on Climate Change (UNFCCC),0,1982
UN Framework Convention on Climate Change (UNFCCC),0,1983
UN Framework Convention on Climate Change (UNFCCC),0,1984
UN Framework Convention on Climate Change (UNFCCC),0,1985
UN Framework Convention on Climate Change (UNFCCC),0,1986
UN Framework Convention on Climate Change (UNFCCC),0,1987
UN Framework Convention on Climate Change (UNFCCC),0,1988
UN Framework Convention on Climate Change (UNFCCC),0,1989
UN Framework Convention on Climate Change (UNFCCC),0,1990
UN Framework Convention on Climate Change (UNFCCC),0,1991
UN Framework Convention on Climate Change (UNFCCC),9,1992
UN Framework Convention on Climate Change (UNFCCC),50,1993
UN Framework Convention on Climate Change (UNFCCC),115,1994
UN Framework Convention on Climate Change (UNFCCC),150,1995
UN Framework Convention on Climate Change (UNFCCC),164,1996
UN Framework Convention on Climate Change (UNFCCC),169,1997
UN Framework Convention on Climate Change (UNFCCC),175,1998
UN Framework Convention on Climate Change (UNFCCC),179,1999
UN Framework Convention on Climate Change (UNFCCC),184,2000
UN Framework Convention on Climate Change (UNFCCC),185,2001
UN Framework Convention on Climate Change (UNFCCC),187,2002
UN Framework Convention on Climate Change (UNFCCC),187,2003
UN Framework Convention on Climate Change (UNFCCC),188,2004
UN Framework Convention on Climate Change (UNFCCC),188,2005
UN Framework Convention on Climate Change (UNFCCC),188,2006
UN Framework Convention on Climate Change (UNFCCC),191,2007
UN Framework Convention on Climate Change (UNFCCC),191,2008
UN Framework Convention on Climate Change (UNFCCC),193,2009
UN Framework Convention on Climate Change (UNFCCC),194,2010
UN Framework Convention on Climate Change (UNFCCC),195,2011
UN Framework Convention on Climate Change (UNFCCC),195,2012
UN Framework Convention on Climate Change (UNFCCC),195,2013
UN Framework Convention on Climate Change (UNFCCC),196,2014
UN Framework Convention on Climate Change (UNFCCC),197,2015
